event,ticker,model,accuracy,f1,roc_auc,test_samples
AI chip demand surge,NVDA,RandomForest (current),0.5324359921366077,0.6947986399252546,0.5631208117071802,197
AI chip demand surge,NVDA,Dummy Uniform (baseline),0.4715899694903733,0.5307297195376363,0.5,184
AI chip demand surge,NVDA,LogisticRegression,0.5577491502788059,0.6022004195346197,0.5326724726237854,224
AI chip demand surge,TSM,RandomForest (current),0.5374147660303222,0.5379244160267972,0.48897274586034056,224
AI chip demand surge,TSM,Dummy Uniform (baseline),0.4970825174071431,0.5888874920872741,0.5,232
AI chip demand surge,TSM,LogisticRegression,0.43334133872798686,0.549765743237783,0.5343978854888721,247
AI chip demand surge,AMD,RandomForest (current),0.6374759945012921,0.6425671899214149,0.6499671668108903,251
AI chip demand surge,AMD,Dummy Uniform (baseline),0.5129933238508386,0.5421246378131385,0.5,221
AI chip demand surge,AMD,LogisticRegression,0.4910646229893316,0.663439696788475,0.5777725470213093,253
AI chip demand surge,AAPL,RandomForest (current),0.566213446765478,0.6247876147877173,0.6568432188245747,255
AI chip demand surge,AAPL,Dummy Uniform (baseline),0.46342455688407436,0.5183952577888118,0.5,233
AI chip demand surge,AAPL,LogisticRegression,0.54159398414081,0.525657792576218,0.523310523128512,186
AI chip demand surge,MSFT,RandomForest (current),0.47817439591113625,0.4954753103693745,0.4536533810834428,228
AI chip demand surge,MSFT,Dummy Uniform (baseline),0.4632327781686666,0.48446576120057155,0.5,259
AI chip demand surge,MSFT,LogisticRegression,0.5199785568460431,0.5624373219858868,0.5864915686379262,246
AI chip demand surge,XOM,RandomForest (current),0.5218176292726168,0.6131578831958551,0.49130162466029914,252
AI chip demand surge,XOM,Dummy Uniform (baseline),0.5131956282930803,0.5299497298833569,0.5,218
AI chip demand surge,XOM,LogisticRegression,0.4918609325458753,0.6291715900795304,0.5658435555438238,228
AI chip demand surge,JPM,RandomForest (current),0.5646903804329239,0.6388529527456253,0.6479420447841762,223
AI chip demand surge,JPM,Dummy Uniform (baseline),0.5087202301697357,0.4668170393633823,0.5,185
AI chip demand surge,JPM,LogisticRegression,0.5144109454049852,0.6333006952622598,0.5469867369125179,209
AI chip demand surge,TSLA,RandomForest (current),0.49718347488048187,0.6864179863495531,0.6387161648159364,195
AI chip demand surge,TSLA,Dummy Uniform (baseline),0.5132893210822482,0.5276574099379979,0.5,187
AI chip demand surge,TSLA,LogisticRegression,0.5481896302507476,0.6683818242458166,0.6089261329581104,254
AI chip demand surge,GOOGL,RandomForest (current),0.5461417127776825,0.6263741635369047,0.7116213944378039,224
AI chip demand surge,GOOGL,Dummy Uniform (baseline),0.5009041771263151,0.5433926328499933,0.5,200
AI chip demand surge,GOOGL,LogisticRegression,0.505444631652509,0.634235076048756,0.5120104199766133,193
AI chip demand surge,CVX,RandomForest (current),0.558896442223276,0.5704852618676612,0.6049463673924509,225
AI chip demand surge,CVX,Dummy Uniform (baseline),0.5252984114938143,0.5343992116937134,0.5,224
AI chip demand surge,CVX,LogisticRegression,0.4924017748054205,0.6456378626615523,0.5893607437751885,195
Fed rates hold,NVDA,RandomForest (current),0.5303246196122017,0.6889008792328324,0.5322044146501428,229
Fed rates hold,NVDA,Dummy Uniform (baseline),0.48756747830576025,0.495049889012541,0.5,186
Fed rates hold,NVDA,LogisticRegression,0.5599828304063978,0.633418625197423,0.6310732462154505,198
Fed rates hold,TSM,RandomForest (current),0.5894129676840616,0.6956307990036728,0.5988952803049183,215
Fed rates hold,TSM,Dummy Uniform (baseline),0.47598429062577763,0.5237678496219546,0.5,205
Fed rates hold,TSM,LogisticRegression,0.5595842847765327,0.6525887559136913,0.6072782299665657,188
Fed rates hold,AMD,RandomForest (current),0.5751140985609721,0.6096671991763646,0.5451772902541986,239
Fed rates hold,AMD,Dummy Uniform (baseline),0.5203090809513203,0.49780147427735777,0.5,225
Fed rates hold,AMD,LogisticRegression,0.5363322374363564,0.6473412707989955,0.5385328390942727,212
Fed rates hold,AAPL,RandomForest (current),0.5246241993012816,0.6904247858121791,0.5375086527398615,222
Fed rates hold,AAPL,Dummy Uniform (baseline),0.4907666713395118,0.5118816666535808,0.5,213
Fed rates hold,AAPL,LogisticRegression,0.511946754965694,0.6267758695051661,0.5392711372228989,236
Fed rates hold,MSFT,RandomForest (current),0.5829013626361864,0.7075281799802637,0.6102699911901663,249
Fed rates hold,MSFT,Dummy Uniform (baseline),0.4974373415037416,0.5138945743562813,0.5,214
Fed rates hold,MSFT,LogisticRegression,0.5654609862586464,0.634368786776899,0.5424142230147114,240
Fed rates hold,XOM,RandomForest (current),0.5855249938574328,0.6532787982743241,0.6259540325834764,219
Fed rates hold,XOM,Dummy Uniform (baseline),0.5002432517195684,0.5389460585320099,0.5,221
Fed rates hold,XOM,LogisticRegression,0.5765601789030211,0.6586665173290477,0.5243045111465204,206
Fed rates hold,JPM,RandomForest (current),0.5726254475035927,0.7138130343488882,0.5703448501753504,186
Fed rates hold,JPM,Dummy Uniform (baseline),0.5004404951393535,0.5031187811594147,0.5,246
Fed rates hold,JPM,LogisticRegression,0.5205483856096997,0.5779502868538559,0.4530876985136093,221
Fed rates hold,TSLA,RandomForest (current),0.5272989359804269,0.6237403883105642,0.5391300581368986,218
Fed rates hold,TSLA,Dummy Uniform (baseline),0.5045350435562346,0.5422613146930216,0.5,235
Fed rates hold,TSLA,LogisticRegression,0.555584246723919,0.6615718236062695,0.584743234638778,200
Fed rates hold,GOOGL,RandomForest (current),0.586794946726924,0.7110445721630859,0.5984738898392356,247
Fed rates hold,GOOGL,Dummy Uniform (baseline),0.5228902900203355,0.5229965163660639,0.5,246
Fed rates hold,GOOGL,LogisticRegression,0.5771651244229006,0.6246013574054627,0.5948176394775361,230
Fed rates hold,CVX,RandomForest (current),0.5441361738853822,0.5587574259290009,0.5773463390090288,250
Fed rates hold,CVX,Dummy Uniform (baseline),0.46370755413742704,0.5215859595293488,0.5,217
Fed rates hold,CVX,LogisticRegression,0.5117419314428794,0.5795223680569791,0.5557502834263813,196
Geopolitical oil disruption,NVDA,RandomForest (current),0.6119370122110854,0.7319976047496124,0.589187770765967,183
Geopolitical oil disruption,NVDA,Dummy Uniform (baseline),0.48906191613266486,0.4953731359706722,0.5,203
Geopolitical oil disruption,NVDA,LogisticRegression,0.5973149499058411,0.7122937955795572,0.6179006613424269,251
Geopolitical oil disruption,TSM,RandomForest (current),0.6273295009500403,0.6683483742923386,0.6015230942148619,188
Geopolitical oil disruption,TSM,Dummy Uniform (baseline),0.4891436528408401,0.49572524833057086,0.5,239
Geopolitical oil disruption,TSM,LogisticRegression,0.5437683558381741,0.629783592768877,0.6030427714191985,187
Geopolitical oil disruption,AMD,RandomForest (current),0.5913095616883739,0.6361105644686386,0.6376174122212558,194
Geopolitical oil disruption,AMD,Dummy Uniform (baseline),0.4725835572364989,0.5493147400840882,0.5,232
Geopolitical oil disruption,AMD,LogisticRegression,0.4908944722643961,0.6615485635880357,0.5543163191608763,213
Geopolitical oil disruption,AAPL,RandomForest (current),0.612377108373793,0.6240463696741062,0.6796463998172854,249
Geopolitical oil disruption,AAPL,Dummy Uniform (baseline),0.5092973636074164,0.5627378117014235,0.5,247
Geopolitical oil disruption,AAPL,LogisticRegression,0.5330249485203785,0.7279726539985026,0.58159967011406,221
Geopolitical oil disruption,MSFT,RandomForest (current),0.5960336291860117,0.6104948528178729,0.45,202
Geopolitical oil disruption,MSFT,Dummy Uniform (baseline),0.4804805920503055,0.4933802692633765,0.5,231
Geopolitical oil disruption,MSFT,LogisticRegression,0.5445131044929632,0.5295838560825448,0.5139034693848036,248
Geopolitical oil disruption,XOM,RandomForest (current),0.6021900341792334,0.6217790325843445,0.625461468726586,255
Geopolitical oil disruption,XOM,Dummy Uniform (baseline),0.5054023655957287,0.5555408801329825,0.5,189
Geopolitical oil disruption,XOM,LogisticRegression,0.5663959428602645,0.6298654601191576,0.43340629402027797,225
Geopolitical oil disruption,JPM,RandomForest (current),0.6198461080167748,0.7320942081999599,0.6189228129094998,218
Geopolitical oil disruption,JPM,Dummy Uniform (baseline),0.5152266597757276,0.5451762237097953,0.5,200
Geopolitical oil disruption,JPM,LogisticRegression,0.5540151298998178,0.6938210390454849,0.6827540335382206,241
Geopolitical oil disruption,TSLA,RandomForest (current),0.5950645016066322,0.6753915367717533,0.6209037932824522,187
Geopolitical oil disruption,TSLA,Dummy Uniform (baseline),0.4978716687071475,0.5135222568179616,0.5,208
Geopolitical oil disruption,TSLA,LogisticRegression,0.5286189320871281,0.6870108371462744,0.5889319784388927,194
Geopolitical oil disruption,GOOGL,RandomForest (current),0.6029898517753421,0.6208654587459453,0.5334586887581464,229
Geopolitical oil disruption,GOOGL,Dummy Uniform (baseline),0.4742179028639578,0.5229941762127251,0.5,225
Geopolitical oil disruption,GOOGL,LogisticRegression,0.5005808335736143,0.6895012340541229,0.5648896425755737,212
Geopolitical oil disruption,CVX,RandomForest (current),0.5997296991614848,0.640489461051301,0.562777764670986,243
Geopolitical oil disruption,CVX,Dummy Uniform (baseline),0.48942739685779546,0.5158118798927833,0.5,211
Geopolitical oil disruption,CVX,LogisticRegression,0.5470397137564705,0.6767699787407148,0.5120606281461358,198
Cloud earnings beat,NVDA,RandomForest (current),0.5456779393289763,0.6826498726519703,0.5516797796204996,246
Cloud earnings beat,NVDA,Dummy Uniform (baseline),0.4884516201938654,0.5040531296704384,0.5,213
Cloud earnings beat,NVDA,LogisticRegression,0.5123068348780947,0.5743189913508435,0.5531743703037545,225
Cloud earnings beat,TSM,RandomForest (current),0.5683953920166391,0.6098435241797283,0.5953888101214071,255
Cloud earnings beat,TSM,Dummy Uniform (baseline),0.4611506094577439,0.5178749604231249,0.5,195
Cloud earnings beat,TSM,LogisticRegression,0.47657368109353077,0.5332052815430188,0.5207153178653942,228
Cloud earnings beat,AMD,RandomForest (current),0.5372429234839254,0.5741290053408106,0.5524982506676058,211
Cloud earnings beat,AMD,Dummy Uniform (baseline),0.5505893766551991,0.5104794402344994,0.5,193
Cloud earnings beat,AMD,LogisticRegression,0.508565737913395,0.5814980605087195,0.5018246891671364,218
Cloud earnings beat,AAPL,RandomForest (current),0.5551403826412037,0.5911790991362643,0.6219046083085554,242
Cloud earnings beat,AAPL,Dummy Uniform (baseline),0.4925574881255831,0.5305201969323292,0.5,216
Cloud earnings beat,AAPL,LogisticRegression,0.47931867557238245,0.6199517408806763,0.6468574847057911,244
Cloud earnings beat,MSFT,RandomForest (current),0.561753172908696,0.6311224038786104,0.6040689364755759,193
Cloud earnings beat,MSFT,Dummy Uniform (baseline),0.5205687995350256,0.5049509380672258,0.5,212
Cloud earnings beat,MSFT,LogisticRegression,0.5188243640428553,0.6055951450924072,0.4975044852277641,216
Cloud earnings beat,XOM,RandomForest (current),0.5657098515188469,0.6590666761221973,0.5986334878303102,204
Cloud earnings beat,XOM,Dummy Uniform (baseline),0.5416977586297967,0.5419885840407961,0.5,209
Cloud earnings beat,XOM,LogisticRegression,0.4840088244129871,0.6132883003986819,0.5514435390586289,193
Cloud earnings beat,JPM,RandomForest (current),0.6302587391633314,0.6219369965096647,0.6597591047227529,186
Cloud earnings beat,JPM,Dummy Uniform (baseline),0.5214656468411486,0.5282271730470839,0.5,209
Cloud earnings beat,JPM,LogisticRegression,0.5336660859559512,0.6826362064147538,0.6299026452230063,247
Cloud earnings beat,TSLA,RandomForest (current),0.5787060612208884,0.61780855757196,0.6368592585779049,193
Cloud earnings beat,TSLA,Dummy Uniform (baseline),0.4884634103088904,0.5159061763893644,0.5,210
Cloud earnings beat,TSLA,LogisticRegression,0.5778668005358518,0.6179937970611857,0.5242678973885712,229
Cloud earnings beat,GOOGL,RandomForest (current),0.5516505214063042,0.5605696091909796,0.45929285340128156,245
Cloud earnings beat,GOOGL,Dummy Uniform (baseline),0.5131416911033909,0.5297328978861361,0.5,193
Cloud earnings beat,GOOGL,LogisticRegression,0.47514231164190823,0.6033499915665403,0.496408737871434,194
Cloud earnings beat,CVX,RandomForest (current),0.558541514114051,0.6388121602979646,0.6512647620619445,229
Cloud earnings beat,CVX,Dummy Uniform (baseline),0.47088788718077673,0.49195555061203683,0.5,223
Cloud earnings beat,CVX,LogisticRegression,0.5630759848534926,0.7122723189300854,0.5734311860798783,243
Banking regulation proposal,NVDA,RandomForest (current),0.5557340448612644,0.5540929308059748,0.4693390819497772,216
Banking regulation proposal,NVDA,Dummy Uniform (baseline),0.5039256554173663,0.5465413844558464,0.5,195
Banking regulation proposal,NVDA,LogisticRegression,0.5338087297796045,0.6512996706106924,0.5239791327751073,238
Banking regulation proposal,TSM,RandomForest (current),0.5508820551287833,0.6442406908159684,0.7669689693133872,189
Banking regulation proposal,TSM,Dummy Uniform (baseline),0.5035831483280359,0.5721212502483497,0.5,230
Banking regulation proposal,TSM,LogisticRegression,0.5490576866280906,0.5452402720420233,0.6283793027184951,207
Banking regulation proposal,AMD,RandomForest (current),0.49103208388254943,0.5544250965267546,0.4995127989927784,243
Banking regulation proposal,AMD,Dummy Uniform (baseline),0.4992957895080261,0.541677980713468,0.5,216
Banking regulation proposal,AMD,LogisticRegression,0.5223502479469317,0.6273524575997551,0.48323607664257495,238
Banking regulation proposal,AAPL,RandomForest (current),0.44312445511272786,0.6291744299818014,0.5352092521887133,255
Banking regulation proposal,AAPL,Dummy Uniform (baseline),0.5092731181091137,0.46737103681519115,0.5,246
Banking regulation proposal,AAPL,LogisticRegression,0.48007905011961854,0.59533288546357,0.45253763242404815,257
Banking regulation proposal,MSFT,RandomForest (current),0.5415335417709899,0.567016129384077,0.6730794586100759,189
Banking regulation proposal,MSFT,Dummy Uniform (baseline),0.4960904109747602,0.5287172188131086,0.5,190
Banking regulation proposal,MSFT,LogisticRegression,0.5193488995403366,0.6234913338383536,0.5628736271044654,206
Banking regulation proposal,XOM,RandomForest (current),0.6018557451268367,0.6792516270656637,0.6187950533706719,204
Banking regulation proposal,XOM,Dummy Uniform (baseline),0.49548663296236245,0.4831741062011841,0.5,188
Banking regulation proposal,XOM,LogisticRegression,0.5365287406957802,0.6485993834430624,0.5815781976988346,229
Banking regulation proposal,JPM,RandomForest (current),0.5500252979254535,0.5947478844001944,0.5962760608496848,225
Banking regulation proposal,JPM,Dummy Uniform (baseline),0.5294933174121402,0.56325813679295,0.5,230
Banking regulation proposal,JPM,LogisticRegression,0.5608691211247603,0.6598871877843376,0.6354427087354712,251
Banking regulation proposal,TSLA,RandomForest (current),0.5272857939010889,0.6282377604706149,0.6203842956065805,252
Banking regulation proposal,TSLA,Dummy Uniform (baseline),0.46059662008141494,0.5451304457231665,0.5,198
Banking regulation proposal,TSLA,LogisticRegression,0.5239831009671773,0.6298765769463367,0.5236345275593427,201
Banking regulation proposal,GOOGL,RandomForest (current),0.544603668353007,0.610587686393742,0.5713577842492998,244
Banking regulation proposal,GOOGL,Dummy Uniform (baseline),0.4741096987100794,0.5067190983297759,0.5,247
Banking regulation proposal,GOOGL,LogisticRegression,0.5720257325070783,0.64746514790626,0.6515721143097732,222
Banking regulation proposal,CVX,RandomForest (current),0.518746572212525,0.6557596178766796,0.5601689579492546,182
Banking regulation proposal,CVX,Dummy Uniform (baseline),0.4813508352284097,0.5408285242809401,0.5,234
Banking regulation proposal,CVX,LogisticRegression,0.5120399263578986,0.5729238450428304,0.566870277567961,205
EV supply chain slowdown,NVDA,RandomForest (current),0.5597275657842901,0.6277728907186325,0.5947065409383919,207
EV supply chain slowdown,NVDA,Dummy Uniform (baseline),0.5264105537057778,0.5626648569989363,0.5,205
EV supply chain slowdown,NVDA,LogisticRegression,0.4724751307768249,0.5984863608727015,0.5278524543330229,202
EV supply chain slowdown,TSM,RandomForest (current),0.5353404711523346,0.5639447459860801,0.5223646690080991,243
EV supply chain slowdown,TSM,Dummy Uniform (baseline),0.4958497280489286,0.5582879217683536,0.5,216
EV supply chain slowdown,TSM,LogisticRegression,0.48747648616717726,0.6498074232691243,0.5264008971579547,235
EV supply chain slowdown,AMD,RandomForest (current),0.5541151158222557,0.6772139752158081,0.6352757333709849,203
EV supply chain slowdown,AMD,Dummy Uniform (baseline),0.505328450163597,0.5367041920260798,0.5,197
EV supply chain slowdown,AMD,LogisticRegression,0.5425155312386098,0.619404615420242,0.5478905430676392,210
EV supply chain slowdown,AAPL,RandomForest (current),0.57853431324849,0.634873454239591,0.5865667932695572,189
EV supply chain slowdown,AAPL,Dummy Uniform (baseline),0.5088193437570152,0.5032566829648197,0.5,232
EV supply chain slowdown,AAPL,LogisticRegression,0.5937987620013094,0.6292631792696871,0.648494346076339,186
EV supply chain slowdown,MSFT,RandomForest (current),0.6003777176370183,0.699510300894032,0.6219208568396242,190
EV supply chain slowdown,MSFT,Dummy Uniform (baseline),0.5524333102033364,0.5201035036639938,0.5,219
EV supply chain slowdown,MSFT,LogisticRegression,0.5495253207632821,0.6623567258728117,0.5833103985330351,257
EV supply chain slowdown,XOM,RandomForest (current),0.5294959888798233,0.5872487682691658,0.5264320303908502,188
EV supply chain slowdown,XOM,Dummy Uniform (baseline),0.5093333109142498,0.49813392039205456,0.5,242
EV supply chain slowdown,XOM,LogisticRegression,0.5006038201468163,0.6280658464927327,0.4868155611283025,205
EV supply chain slowdown,JPM,RandomForest (current),0.5881638464488684,0.6109510520002013,0.561974490713908,182
EV supply chain slowdown,JPM,Dummy Uniform (baseline),0.4601379807488725,0.5694853338199558,0.5,183
EV supply chain slowdown,JPM,LogisticRegression,0.5527371651527097,0.6864123572946115,0.6795811815602827,191
EV supply chain slowdown,TSLA,RandomForest (current),0.6055687856844131,0.6231301537508298,0.5177483720117586,184
EV supply chain slowdown,TSLA,Dummy Uniform (baseline),0.48557510691940425,0.5030369772693638,0.5,259
EV supply chain slowdown,TSLA,LogisticRegression,0.5677510638034214,0.6179984036400891,0.5410617885857542,181
EV supply chain slowdown,GOOGL,RandomForest (current),0.5521047008188572,0.6461739579616682,0.5555148708767002,212
EV supply chain slowdown,GOOGL,Dummy Uniform (baseline),0.5113316443329617,0.5323671681923934,0.5,221
EV supply chain slowdown,GOOGL,LogisticRegression,0.5281943387110735,0.595313215513916,0.5181050474112785,189
EV supply chain slowdown,CVX,RandomForest (current),0.5314226596272444,0.76339639511713,0.4616587078501214,198
EV supply chain slowdown,CVX,Dummy Uniform (baseline),0.5102828007504482,0.5418978359155885,0.5,194
EV supply chain slowdown,CVX,LogisticRegression,0.5220708618502683,0.6014004429714522,0.5599058720371992,231
Pharma trial results,NVDA,RandomForest (current),0.5622535876837605,0.6486387987035356,0.5565386545621045,209
Pharma trial results,NVDA,Dummy Uniform (baseline),0.5153962450187977,0.5227974269472027,0.5,221
Pharma trial results,NVDA,LogisticRegression,0.4812006340597376,0.6209363520357029,0.49222711414994486,223
Pharma trial results,TSM,RandomForest (current),0.5670139442272525,0.7081495064170631,0.5483525333209355,247
Pharma trial results,TSM,Dummy Uniform (baseline),0.5041216936562352,0.5095558180885025,0.5,184
Pharma trial results,TSM,LogisticRegression,0.5606087094335619,0.6332563217261186,0.5404112810670824,217
Pharma trial results,AMD,RandomForest (current),0.5609063876991747,0.5705448869447901,0.557985057386496,231
Pharma trial results,AMD,Dummy Uniform (baseline),0.45839432229479193,0.49338482346453233,0.5,184
Pharma trial results,AMD,LogisticRegression,0.5503978816626405,0.5938666987371353,0.533660149479324,213
Pharma trial results,AAPL,RandomForest (current),0.5493710031334497,0.6217348551856008,0.5848933078523484,194
Pharma trial results,AAPL,Dummy Uniform (baseline),0.49277727345526395,0.5204614204989242,0.5,236
Pharma trial results,AAPL,LogisticRegression,0.5178934697074737,0.5992175890208487,0.5961908853067459,195
Pharma trial results,MSFT,RandomForest (current),0.562071031629609,0.6112280122242814,0.6204839246985823,183
Pharma trial results,MSFT,Dummy Uniform (baseline),0.5165903912172385,0.5461642170325789,0.5,203
Pharma trial results,MSFT,LogisticRegression,0.5225680765302433,0.6514517998045051,0.6097508178992229,200
Pharma trial results,XOM,RandomForest (current),0.5529741833898327,0.6713749308428288,0.49895508378265,244
Pharma trial results,XOM,Dummy Uniform (baseline),0.5032700464039436,0.5257688179263786,0.5,253
Pharma trial results,XOM,LogisticRegression,0.6028790578211954,0.6128959566603236,0.5724105640606881,191
Pharma trial results,JPM,RandomForest (current),0.5384206698170818,0.6193764296717567,0.45,187
Pharma trial results,JPM,Dummy Uniform (baseline),0.5145850210163115,0.5187362051496354,0.5,193
Pharma trial results,JPM,LogisticRegression,0.5171087582879498,0.6318848803123228,0.578073836029734,194
Pharma trial results,TSLA,RandomForest (current),0.5916711442082208,0.6792802845332704,0.5248968789852775,206
Pharma trial results,TSLA,Dummy Uniform (baseline),0.47979628114069156,0.5399150000157683,0.5,193
Pharma trial results,TSLA,LogisticRegression,0.522763246002363,0.5426914167519744,0.5035427089273574,242
Pharma trial results,GOOGL,RandomForest (current),0.6079763103426512,0.6872882331381609,0.5980994016598611,221
Pharma trial results,GOOGL,Dummy Uniform (baseline),0.48346146725725586,0.459867442902915,0.5,197
Pharma trial results,GOOGL,LogisticRegression,0.5406002098073321,0.6331947459099715,0.6039339149929359,253
Pharma trial results,CVX,RandomForest (current),0.5762302921596978,0.6374865183286192,0.5172796121388784,185
Pharma trial results,CVX,Dummy Uniform (baseline),0.48070391600994244,0.5977788293574876,0.5,253
Pharma trial results,CVX,LogisticRegression,0.6132722424247755,0.5830738306467427,0.5830653484903029,188
Consumer spending decline,NVDA,RandomForest (current),0.5497548994201489,0.6387966362967682,0.637046836607063,196
Consumer spending decline,NVDA,Dummy Uniform (baseline),0.507448705386975,0.5460978460636279,0.5,220
Consumer spending decline,NVDA,LogisticRegression,0.522501907518046,0.5720280568440703,0.5394979345392931,243
Consumer spending decline,TSM,RandomForest (current),0.5382908192495041,0.6057922306173705,0.5773012563635701,240
Consumer spending decline,TSM,Dummy Uniform (baseline),0.4580005584587944,0.48271527679178833,0.5,217
Consumer spending decline,TSM,LogisticRegression,0.5418135930996432,0.5396763182196429,0.47180516461477306,212
Consumer spending decline,AMD,RandomForest (current),0.6513288930619286,0.5829274812978432,0.6954915265401557,208
Consumer spending decline,AMD,Dummy Uniform (baseline),0.47377015593766086,0.5468588364459639,0.5,192
Consumer spending decline,AMD,LogisticRegression,0.5599622929979201,0.64568465282522,0.538826597093255,248
Consumer spending decline,AAPL,RandomForest (current),0.5237324827015594,0.6217484104410586,0.4945894657760571,255
Consumer spending decline,AAPL,Dummy Uniform (baseline),0.4987299066302816,0.5335553598016808,0.5,182
Consumer spending decline,AAPL,LogisticRegression,0.4643780128072856,0.568353852498519,0.5309559699381543,243
Consumer spending decline,MSFT,RandomForest (current),0.5661064765256768,0.6567828443988396,0.5956983253172436,242
Consumer spending decline,MSFT,Dummy Uniform (baseline),0.4926782813734085,0.5138234013060436,0.5,229
Consumer spending decline,MSFT,LogisticRegression,0.5420817764631776,0.6485938763678588,0.5322236908333716,236
Consumer spending decline,XOM,RandomForest (current),0.5921116127559077,0.7098982767731903,0.4782165888441336,235
Consumer spending decline,XOM,Dummy Uniform (baseline),0.5190660328704234,0.555302739018,0.5,223
Consumer spending decline,XOM,LogisticRegression,0.538606872110796,0.6477818176165266,0.5989610032896715,207
Consumer spending decline,JPM,RandomForest (current),0.5748338075957835,0.6362862157405422,0.6431837527012443,208
Consumer spending decline,JPM,Dummy Uniform (baseline),0.5248725849205,0.5513071621573931,0.5,203
Consumer spending decline,JPM,LogisticRegression,0.554467870810569,0.6036183908418791,0.5200991661499146,254
Consumer spending decline,TSLA,RandomForest (current),0.6145742029676315,0.6704176981737827,0.6128299907547133,231
Consumer spending decline,TSLA,Dummy Uniform (baseline),0.5239710493849673,0.5426957365547195,0.5,241
Consumer spending decline,TSLA,LogisticRegression,0.5476774651393742,0.6609564193378689,0.49144656831328015,255
Consumer spending decline,GOOGL,RandomForest (current),0.49931577919832626,0.5744626745867367,0.45,207
Consumer spending decline,GOOGL,Dummy Uniform (baseline),0.5234477347019946,0.5047375158821433,0.5,240
Consumer spending decline,GOOGL,LogisticRegression,0.47918829530029244,0.6076395100094434,0.5840568710477954,221
Consumer spending decline,CVX,RandomForest (current),0.5808941173144606,0.5714759475258391,0.5853850851934391,199
Consumer spending decline,CVX,Dummy Uniform (baseline),0.5239836572588576,0.5381958876675653,0.5,256
Consumer spending decline,CVX,LogisticRegression,0.6130896733824072,0.6013178724200431,0.5240354330848864,226
Cybersecurity breach cycle,NVDA,RandomForest (current),0.6287196985156425,0.584139503993111,0.6110758856132438,183
Cybersecurity breach cycle,NVDA,Dummy Uniform (baseline),0.519049895832319,0.547738732857534,0.5,244
Cybersecurity breach cycle,NVDA,LogisticRegression,0.562997395090146,0.5241428152196863,0.6783670385277363,202
Cybersecurity breach cycle,TSM,RandomForest (current),0.5457884067161296,0.6392866987335688,0.6052729919553732,224
Cybersecurity breach cycle,TSM,Dummy Uniform (baseline),0.4722043905993659,0.4902720159653771,0.5,251
Cybersecurity breach cycle,TSM,LogisticRegression,0.5672494064201371,0.6091595786096966,0.47331077089821255,204
Cybersecurity breach cycle,AMD,RandomForest (current),0.5105840911131749,0.705151341850369,0.6391609097827285,183
Cybersecurity breach cycle,AMD,Dummy Uniform (baseline),0.5183292013523263,0.5227253096513472,0.5,218
Cybersecurity breach cycle,AMD,LogisticRegression,0.5145768828723666,0.6726782906493407,0.5100722059940295,258
Cybersecurity breach cycle,AAPL,RandomForest (current),0.5506608708908569,0.6330824083457245,0.5730546258934232,184
Cybersecurity breach cycle,AAPL,Dummy Uniform (baseline),0.4909702810725039,0.5104223804619634,0.5,250
Cybersecurity breach cycle,AAPL,LogisticRegression,0.5330868757481573,0.5815717406517447,0.47930914535789915,257
Cybersecurity breach cycle,MSFT,RandomForest (current),0.5405138254705759,0.5798169143518829,0.46787221302014814,222
Cybersecurity breach cycle,MSFT,Dummy Uniform (baseline),0.5290922315879306,0.5010229210163681,0.5,193
Cybersecurity breach cycle,MSFT,LogisticRegression,0.5447924293889551,0.5828132783286308,0.5290905355701763,218
Cybersecurity breach cycle,XOM,RandomForest (current),0.5899489513249274,0.6509117819430914,0.5077472790384409,215
Cybersecurity breach cycle,XOM,Dummy Uniform (baseline),0.46944190667252383,0.50233980231154,0.5,228
Cybersecurity breach cycle,XOM,LogisticRegression,0.551290173667396,0.5862043772894682,0.5138805117101161,223
Cybersecurity breach cycle,JPM,RandomForest (current),0.5642057460593392,0.6115092031557428,0.617688778769791,196
Cybersecurity breach cycle,JPM,Dummy Uniform (baseline),0.48773341398114173,0.5185040702855446,0.5,187
Cybersecurity breach cycle,JPM,LogisticRegression,0.5328540216682134,0.6249135301616996,0.5342490254751688,201
Cybersecurity breach cycle,TSLA,RandomForest (current),0.6562837632267665,0.6683148023192805,0.6968972544233463,209
Cybersecurity breach cycle,TSLA,Dummy Uniform (baseline),0.4731077778722056,0.4556668762856822,0.5,229
Cybersecurity breach cycle,TSLA,LogisticRegression,0.5981047362393942,0.6660745855399816,0.4771853320141543,257
Cybersecurity breach cycle,GOOGL,RandomForest (current),0.541362392666757,0.7024913908328088,0.5679225284723963,181
Cybersecurity breach cycle,GOOGL,Dummy Uniform (baseline),0.49158764026372376,0.5192326443070963,0.5,256
Cybersecurity breach cycle,GOOGL,LogisticRegression,0.5121517279617149,0.5066526415784972,0.5684251432852956,189
Cybersecurity breach cycle,CVX,RandomForest (current),0.585489568670645,0.6649405406726736,0.5919581187795067,233
Cybersecurity breach cycle,CVX,Dummy Uniform (baseline),0.4962999640979384,0.5456962794453544,0.5,215
Cybersecurity breach cycle,CVX,LogisticRegression,0.5804386527188297,0.5810775790182318,0.5984811975064002,244
Tariff escalation talks,NVDA,RandomForest (current),0.5412005200032669,0.6762929715451049,0.5299711202282223,205
Tariff escalation talks,NVDA,Dummy Uniform (baseline),0.5057726606692099,0.47190928577809144,0.5,231
Tariff escalation talks,NVDA,LogisticRegression,0.5122998797036662,0.6566865548285984,0.4983365358985536,185
Tariff escalation talks,TSM,RandomForest (current),0.5137180673111934,0.5816420696689073,0.5581091474312772,204
Tariff escalation talks,TSM,Dummy Uniform (baseline),0.492529099600237,0.5298663825198001,0.5,258
Tariff escalation talks,TSM,LogisticRegression,0.5038410117407219,0.606501028419311,0.4672843591056989,184
Tariff escalation talks,AMD,RandomForest (current),0.5543217938903159,0.6498808840792485,0.5930255505342825,230
Tariff escalation talks,AMD,Dummy Uniform (baseline),0.4696337672924443,0.5405835837016603,0.5,198
Tariff escalation talks,AMD,LogisticRegression,0.5557460078404929,0.6613551194589743,0.602207240621029,234
Tariff escalation talks,AAPL,RandomForest (current),0.5468990015122757,0.653497056413654,0.5209578730063319,211
Tariff escalation talks,AAPL,Dummy Uniform (baseline),0.5075769390422947,0.5337922159660718,0.5,218
Tariff escalation talks,AAPL,LogisticRegression,0.5404600952386508,0.5589074064303123,0.4767786396709522,184
Tariff escalation talks,MSFT,RandomForest (current),0.509063654038957,0.6260786914926894,0.5670957892414916,257
Tariff escalation talks,MSFT,Dummy Uniform (baseline),0.5045953230980409,0.5080135181651751,0.5,249
Tariff escalation talks,MSFT,LogisticRegression,0.5060004203090783,0.5350895283597258,0.46922937732332726,254
Tariff escalation talks,XOM,RandomForest (current),0.5588143586108815,0.6161640376231604,0.5815337681993904,242
Tariff escalation talks,XOM,Dummy Uniform (baseline),0.5078910510368164,0.47195836014270964,0.5,214
Tariff escalation talks,XOM,LogisticRegression,0.5292145338976857,0.6281221279973134,0.48786216314235437,218
Tariff escalation talks,JPM,RandomForest (current),0.5424845373879815,0.6346445675634844,0.49774161966488,245
Tariff escalation talks,JPM,Dummy Uniform (baseline),0.5059004746224901,0.4935759968768888,0.5,184
Tariff escalation talks,JPM,LogisticRegression,0.4947310532606791,0.5812071696845504,0.4816906450287617,221
Tariff escalation talks,TSLA,RandomForest (current),0.5240567250784045,0.652732133061536,0.6502049530390027,244
Tariff escalation talks,TSLA,Dummy Uniform (baseline),0.5182536368560205,0.5191762408002784,0.5,258
Tariff escalation talks,TSLA,LogisticRegression,0.5572111822891231,0.6211511108246442,0.5197536775180092,256
Tariff escalation talks,GOOGL,RandomForest (current),0.5563596007241939,0.6970321262607965,0.627221984427704,227
Tariff escalation talks,GOOGL,Dummy Uniform (baseline),0.4809563629299456,0.5218166968744136,0.5,254
Tariff escalation talks,GOOGL,LogisticRegression,0.48089092356942076,0.5823147403872069,0.623164298838076,221
Tariff escalation talks,CVX,RandomForest (current),0.5628996035310788,0.6759570547169873,0.46176548310613486,257
Tariff escalation talks,CVX,Dummy Uniform (baseline),0.49653614367529697,0.5315746718406471,0.5,258
Tariff escalation talks,CVX,LogisticRegression,0.5835517166227788,0.6439740955541434,0.5265184587195528,228
Labor market surprise,NVDA,RandomForest (current),0.5340290089319047,0.6814941580361202,0.5979958953637978,205
Labor market surprise,NVDA,Dummy Uniform (baseline),0.504189239538817,0.5134224726312637,0.5,200
Labor market surprise,NVDA,LogisticRegression,0.47446814181182984,0.6855110609151295,0.5276093316785687,204
Labor market surprise,TSM,RandomForest (current),0.5753514587063349,0.6658838364773294,0.5572466013886117,247
Labor market surprise,TSM,Dummy Uniform (baseline),0.5200586096943447,0.5313951633359235,0.5,239
Labor market surprise,TSM,LogisticRegression,0.4717491453020004,0.6060120226101585,0.5313971233104113,250
Labor market surprise,AMD,RandomForest (current),0.5751345562516437,0.5827905363785648,0.6322874795702597,211
Labor market surprise,AMD,Dummy Uniform (baseline),0.4989924552002421,0.494736804525125,0.5,192
Labor market surprise,AMD,LogisticRegression,0.538558815022309,0.6702788534213836,0.5780968424702819,211
Labor market surprise,AAPL,RandomForest (current),0.5817289515202966,0.6551358251961922,0.6964691784986424,189
Labor market surprise,AAPL,Dummy Uniform (baseline),0.48904537953006116,0.500505029111712,0.5,191
Labor market surprise,AAPL,LogisticRegression,0.5724701259596497,0.6002609087719479,0.5827794809692112,210
Labor market surprise,MSFT,RandomForest (current),0.519330365262821,0.5718848294939789,0.5699335022840083,181
Labor market surprise,MSFT,Dummy Uniform (baseline),0.4972111570505616,0.4864857987847177,0.5,218
Labor market surprise,MSFT,LogisticRegression,0.56479492026724,0.6193475056159697,0.6022553414323956,196
Labor market surprise,XOM,RandomForest (current),0.5292355818367814,0.6793804321307821,0.5376136331754277,221
Labor market surprise,XOM,Dummy Uniform (baseline),0.5182416470782142,0.556557742636363,0.5,253
Labor market surprise,XOM,LogisticRegression,0.49342550225377807,0.5700108359395502,0.5657482297090255,187
Labor market surprise,JPM,RandomForest (current),0.5735516748556313,0.6444263098279054,0.6365810750278247,251
Labor market surprise,JPM,Dummy Uniform (baseline),0.5277710557717608,0.4891066652464818,0.5,221
Labor market surprise,JPM,LogisticRegression,0.5451340781647649,0.5750135362761527,0.5102359611910849,237
Labor market surprise,TSLA,RandomForest (current),0.583554999923101,0.5904424901698075,0.48177644837306716,223
Labor market surprise,TSLA,Dummy Uniform (baseline),0.49045172350509875,0.5521190134249699,0.5,223
Labor market surprise,TSLA,LogisticRegression,0.53951806926947,0.6403091151242533,0.5221406642576188,224
Labor market surprise,GOOGL,RandomForest (current),0.5685484587225796,0.6921394636612532,0.5878416117095596,228
Labor market surprise,GOOGL,Dummy Uniform (baseline),0.513151907950886,0.5290610275968145,0.5,237
Labor market surprise,GOOGL,LogisticRegression,0.5786416284661889,0.6366004931089654,0.49100059575735344,212
Labor market surprise,CVX,RandomForest (current),0.6001416603489919,0.6440042561745719,0.5700998498326018,203
Labor market surprise,CVX,Dummy Uniform (baseline),0.5195847394630174,0.5115683673765553,0.5,211
Labor market surprise,CVX,LogisticRegression,0.5009407451770918,0.6320958408667856,0.5740071658984816,256
Semiconductor export controls,NVDA,RandomForest (current),0.5601414590141897,0.6208748219507031,0.5482510138377957,201
Semiconductor export controls,NVDA,Dummy Uniform (baseline),0.49428489160952616,0.5251910492118674,0.5,243
Semiconductor export controls,NVDA,LogisticRegression,0.5146974090832058,0.6180697687037889,0.5591999633711796,192
Semiconductor export controls,TSM,RandomForest (current),0.5856043788116064,0.7032556541801954,0.6254575409921194,245
Semiconductor export controls,TSM,Dummy Uniform (baseline),0.5206305886924202,0.5499914777289839,0.5,239
Semiconductor export controls,TSM,LogisticRegression,0.514359094608346,0.6614006778998868,0.6037013222669381,201
Semiconductor export controls,AMD,RandomForest (current),0.4491685510594797,0.587863340753332,0.5121472237921268,251
Semiconductor export controls,AMD,Dummy Uniform (baseline),0.47017186446350084,0.5316140118206214,0.5,230
Semiconductor export controls,AMD,LogisticRegression,0.44907151413957136,0.6615787183384236,0.5342785861388926,246
Semiconductor export controls,AAPL,RandomForest (current),0.509105753852015,0.5960566370027376,0.540356234851156,252
Semiconductor export controls,AAPL,Dummy Uniform (baseline),0.49354685753921773,0.4845698354235201,0.5,183
Semiconductor export controls,AAPL,LogisticRegression,0.5052780461325532,0.5430398236903698,0.44248650742639645,245
Semiconductor export controls,MSFT,RandomForest (current),0.5385653408691389,0.6464170288112627,0.5885660739584082,258
Semiconductor export controls,MSFT,Dummy Uniform (baseline),0.512475518104707,0.5108510265700326,0.5,180
Semiconductor export controls,MSFT,LogisticRegression,0.46350503558085954,0.6319547353180678,0.5358141952456252,248
Semiconductor export controls,XOM,RandomForest (current),0.49883470006563285,0.6957174933394226,0.5179216014533236,201
Semiconductor export controls,XOM,Dummy Uniform (baseline),0.48313853170605614,0.5324631905562597,0.5,235
Semiconductor export controls,XOM,LogisticRegression,0.5566484003172673,0.6798277808532347,0.5767938011193915,196
Semiconductor export controls,JPM,RandomForest (current),0.5145515717045346,0.599456513324487,0.597265576165005,214
Semiconductor export controls,JPM,Dummy Uniform (baseline),0.5134954694852031,0.4813868867622874,0.5,185
Semiconductor export controls,JPM,LogisticRegression,0.5342513560769356,0.6554145195058781,0.5004833070021503,255
Semiconductor export controls,TSLA,RandomForest (current),0.5615642394737257,0.5415406137268639,0.5784665783028847,205
Semiconductor export controls,TSLA,Dummy Uniform (baseline),0.5143349591497387,0.5163885641013785,0.5,249
Semiconductor export controls,TSLA,LogisticRegression,0.5008725542263547,0.5601709242106049,0.5934451481095949,190
Semiconductor export controls,GOOGL,RandomForest (current),0.5489309110840946,0.605915385257046,0.6680180365765295,241
Semiconductor export controls,GOOGL,Dummy Uniform (baseline),0.4924625745982915,0.5756431166464923,0.5,222
Semiconductor export controls,GOOGL,LogisticRegression,0.5371818032026661,0.5975075715429035,0.5064607669268795,193
Semiconductor export controls,CVX,RandomForest (current),0.6061621292739215,0.6877246637018513,0.5774454645505601,180
Semiconductor export controls,CVX,Dummy Uniform (baseline),0.5064393880538239,0.5041305665293707,0.5,248
Semiconductor export controls,CVX,LogisticRegression,0.5072673510136291,0.641766839728023,0.4821851078483651,248
